question,option_a,option_b,option_c,option_d,correct_answer
माण्डूक्य उपनिषद् किस वेद से सम्बद्ध है?,ऋग्वेद,सामवेद,अथर्ववेद,यजुर्वेद,C
माण्डूक्य उपनिषद् में कुल कितने मन्त्र हैं?,8,12,18,24,B
माण्डूक्य उपनिषद् का मुख्य विषय क्या है?,कर्मकाण्ड,आत्मा और ॐ का विवेचन,ज्योतिष,आयुर्वेद,B
माण्डूक्य उपनिषद् की शुरुआत किस कथन से होती है?,अथ योगानुशासनम्,ॐ इत्येतदक्षरमिदं सर्वम्,तत्त्वमसि,नेति नेति,B
उपनिषद् के अनुसार ‘ॐ’ किसका प्रतीक है?,केवल प्राण का,सम्पूर्ण जगत् और आत्मा का,केवल सूर्य का,केवल मन का,B
‘अयमात्मा ब्रह्म’ किस उपनिषद् में प्रसिद्ध महावाक्य के रूप में आता है?,माण्डूक्य उपनिषद्,ईश उपनिषद्,केन उपनिषद्,कठ उपनिषद्,A
माण्डूक्य उपनिषद् आत्मा की कितनी अवस्थाओं का वर्णन करता है?,दो,तीन,चार,पाँच,C
आत्मा की पहली अवस्था क्या कही गई है?,स्वप्न,जाग्रत,सुषुप्ति,तुरीय,B
जाग्रत अवस्था में आत्मा को क्या कहा गया है?,तैजस,प्राज्ञ,वैश्वानर,ईश्वर,C
स्वप्न अवस्था में आत्मा को क्या कहा गया है?,वैश्वानर,तैजस,प्राज्ञ,हिरण्यगर्भ,B
सुषुप्ति अवस्था में आत्मा को क्या कहा गया है?,तैजस,प्राज्ञ,वैश्वानर,विराट,B
चौथी अवस्था का नाम क्या है?,तुरीय,तैजस,प्राज्ञ,वैश्वानर,A
जाग्रत अवस्था में चेतना किस ओर मुखी कही गई है?,अन्तःप्रज्ञ,बहिष्प्रज्ञ,प्राज्ञ,अद्वैत,B
स्वप्न अवस्था में चेतना कैसी कही गई है?,बहिष्प्रज्ञ,अन्तःप्रज्ञ,उभयतःप्रज्ञ,अप्रज्ञ,B
सुषुप्ति में प्राज्ञ को किस रूप में वर्णित किया गया है?,बहिष्प्रज्ञ,अन्तःप्रज्ञ,प्रज्ञानघन,द्वैतघन,C
जाग्रत अवस्था का सम्बन्ध किस मात्रा से है?,अ,उ,म,अर्धमात्रा,A
स्वप्न अवस्था का सम्बन्ध किस मात्रा से है?,अ,उ,म,अर्धमात्रा,B
सुषुप्ति अवस्था का सम्बन्ध किस मात्रा से है?,अ,उ,म,अर्धमात्रा,C
तुरीय का सम्बन्ध ॐ की किस विशेषता से किया जाता है?,अकार,उकार,मकार,अमात्र,D
‘अमात्र’ का अर्थ क्या है?,तीन मात्राओं का योग,जिसकी कोई मात्रा नहीं,बहुत बड़ी मात्रा,केवल मकार,B
अकार को किससे सम्बन्धित बताया गया है?,जाग्रत/वैश्वानर,स्वप्न/तैजस,सुषुप्ति/प्राज्ञ,तुरीय,A
उकार को किससे सम्बन्धित बताया गया है?,जाग्रत/वैश्वानर,स्वप्न/तैजस,सुषुप्ति/प्राज्ञ,तुरीय,B
मकार को किससे सम्बन्धित बताया गया है?,जाग्रत/वैश्वानर,स्वप्न/तैजस,सुषुप्ति/प्राज्ञ,तुरीय,C
तुरीय को किस रूप में वर्णित किया गया है?,द्वैतमय,अद्वैत,केवल जाग्रत,केवल सुषुप्ति,B
तुरीय के सम्बन्ध में कौन-सा कथन सही है?,यह केवल बाह्य विषयों को जानता है,यह केवल स्वप्न देखता है,यह न अन्तःप्रज्ञ है न बहिष्प्रज्ञ,यह केवल सुषुप्ति है,C
तुरीय को किस प्रकार की चेतना कहा गया है?,विभाजित चेतना,अद्वैत चेतना,केवल इन्द्रिय चेतना,अचेतनता,B
‘शान्तम्’ शब्द तुरीय के किस गुण को बताता है?,क्रियाशीलता,शान्त स्वरूप,भय,अज्ञान,B
‘शिवम्’ शब्द तुरीय के किस स्वरूप की ओर संकेत करता है?,कल्याणस्वरूप,दुःखस्वरूप,भौतिक स्वरूप,इन्द्रियस्वरूप,A
‘अद्वैतम्’ का अर्थ क्या है?,दो आत्माएँ,अनेक जगत्,द्वैत का अभाव,तीन अवस्थाएँ,C
माण्डूक्य उपनिषद् के अनुसार तुरीय को किससे जाना जाता है?,केवल इन्द्रियों से,आत्मबोध से,केवल कर्म से,केवल धन से,B
वैश्वानर के कितने अंग बताए गए हैं?,5,7,9,12,B
वैश्वानर को किस प्रकार की प्रज्ञा कहा गया है?,अन्तःप्रज्ञ,बहिष्प्रज्ञ,प्रज्ञानघन,अप्रज्ञ,B
तैजस किस अवस्था का अधिष्ठाता है?,जाग्रत,स्वप्न,सुषुप्ति,तुरीय,B
प्राज्ञ किस अवस्था का अधिष्ठाता है?,जाग्रत,स्वप्न,सुषुप्ति,तुरीय,C
सुषुप्ति में व्यक्ति किस प्रकार के विषयों से मुक्त रहता है?,केवल बाह्य विषयों से,स्थूल और सूक्ष्म विषयों के अनुभव से,केवल शब्दों से,केवल भोजन से,B
सुषुप्ति में प्राज्ञ को किससे जोड़ा गया है?,एकीभूत,विभक्त,बहिर्मुख,द्वैतमय,A
प्राज्ञ को किसका अनुभव नहीं होता?,गहरी शान्ति का,स्वप्न और बाह्य विषयों का,अज्ञान का,बीजभाव का,B
माण्डूक्य उपनिषद् में ‘ॐ’ की कितनी मात्राएँ मानी गई हैं?,दो,तीन,चार,पाँच,C
ॐ की पहली मात्रा कौन-सी है?,मकार,अर्धमात्रा,अकार,उकार,C
ॐ की दूसरी मात्रा कौन-सी है?,उकार,अकार,मकार,नाद,A
ॐ की तीसरी मात्रा कौन-सी है?,अकार,उकार,मकार,बिन्दु,C
अकार को प्रथम होने के कारण किससे जोड़ा गया है?,आदिमत्त्व,अन्तिमत्त्व,मौन,सुषुप्ति,A
उकार को किस विशेषता से जोड़ा गया है?,उत्कर्ष और उभयत्व,केवल निद्रा,केवल मृत्यु,अज्ञान,A
मकार को किससे जोड़ा गया है?,मिति अर्थात् मापन/समापन,जाग्रत,बाह्य प्रज्ञा,इन्द्रिय ज्ञान,A
"जिसे मापा/समेटा जाता है, उसके संदर्भ में मकार किस भाव को दर्शाता है?",मिति,प्रकाश,द्वैत,भय,A
‘य एवं वेद’ का सामान्य अर्थ क्या है?,जो इस प्रकार जानता है,जो सोता है,जो कर्म करता है,जो बोलता है,A
माण्डूक्य उपनिषद् में ॐ और आत्मा का सम्बन्ध किस रूप में समझाया गया है?,दो पूर्णतः अलग वस्तुओं के रूप में,ॐ आत्मा के स्वरूप का प्रतीक है,केवल ध्वनि के रूप में,केवल मंत्र के रूप में,B
माण्डूक्य उपनिषद् का तुरीय वर्णन किस साधना-दृष्टि को बल देता है?,आत्मबोध,भौतिक संग्रह,इन्द्रिय भोग,केवल कर्मकाण्ड,A
"जाग्रत, स्वप्न और सुषुप्ति के परे किस अवस्था का निर्देश है?",वैश्वानर,तैजस,प्राज्ञ,तुरीय,D
माण्डूक्य उपनिषद् का केन्द्रीय संदेश किससे सबसे अधिक सम्बन्धित है?,आत्मा के स्वरूप की पहचान,राजनीतिक व्यवस्था,कृषि,चिकित्सा,A
